Date,Customer_Name,Transaction_Description,Category,Transaction_Type,Amount
2023-01-01,Sahil,Amazon Purchase,Shopping,Debit,22731
2023-01-04,Sneha,Doctor Consultation,Medical,Debit,11246
2023-01-04,Neha,UPI Received,Transfer,Credit,16754
2023-01-05,Varun,Movie Tickets,Entertainment,Debit,12554
2023-01-06,Kshitij,Water Bill,Bills,Debit,8406
2023-01-07,Simran,Flipkart Order,Shopping,Debit,26191
2023-01-11,Aman,Incentive Credited,Salary,Credit,67873
2023-01-11,Sahil,Netflix Subscription,Entertainment,Debit,8044
2023-01-13,Neha,Mall Shopping,Shopping,Debit,22363
2023-01-14,Rahul,UPI Received,Transfer,Credit,47467
2023-01-16,Neha,Amazon Purchase,Shopping,Debit,16221
2023-01-17,Simran,Internet Bill,Bills,Debit,8869
2023-01-17,Manish,Freelance Payment,Salary,Credit,48334
2023-01-17,Divya,FD Deposit,Investment,Debit,148817
2023-01-17,Yash,Uber Ride,Travel,Debit,61889
2023-01-19,Sahil,Clothing Purchase,Shopping,Debit,26081
2023-01-19,Harsh,Salary Credited,Salary,Credit,79732
2023-01-20,Aditya,Concert Booking,Entertainment,Debit,2645
2023-01-23,Sneha,Water Bill,Bills,Debit,4271
2023-01-25,Anuvesh,Bus Ticket,Travel,Debit,64112
2023-01-25,Anuvesh,International Flight,Travel,Debit,665836
2023-01-26,Sneha,Rent Payment,Transfer,Debit,44819
2023-01-28,Divya,Mutual Fund SIP,Investment,Debit,33055
2023-01-28,Vikas,Concert Booking,Entertainment,Debit,11675
2023-02-01,Varun,Clothing Purchase,Shopping,Debit,33403
2023-02-01,Tanya,Netflix Subscription,Entertainment,Debit,1066
2023-02-02,Arjun,Water Bill,Bills,Debit,6674
2023-02-02,Deepak,Health Checkup,Medical,Debit,11914
2023-02-03,Omkar,Pharmacy Bill,Medical,Debit,43598
2023-02-04,Pooja,Insurance Premium,Investment,Debit,66501
2023-02-04,Deepak,Electronics Purchase,Shopping,Debit,188718
2023-02-04,Harsh,Uber Ride,Travel,Debit,39608
2023-02-07,Arjun,Health Checkup,Medical,Debit,19852
2023-02-08,Arjun,Internet Bill,Bills,Debit,3782
2023-02-08,Divya,Rent Payment,Transfer,Debit,9871
2023-02-08,Varun,Insurance Premium,Investment,Debit,45917
2023-02-09,Priya,Electricity Bill,Bills,Debit,5854
2023-02-13,Megha,UPI Transfer,Transfer,Debit,23305
2023-02-18,Isha,Incentive Credited,Salary,Credit,45282
2023-02-19,Ravi,Flight Booking,Travel,Debit,74000
2023-02-21,Rahul,Electronics Purchase,Shopping,Debit,287207
2023-02-22,Varun,Flight Booking,Travel,Debit,66408
2023-02-23,Varun,Gaming Purchase,Entertainment,Debit,1462
2023-02-23,Arjun,International Flight,Travel,Debit,140010
2023-02-23,Vikas,Insurance Premium,Investment,Debit,73234
2023-02-25,Varun,Health Checkup,Medical,Debit,2288
2023-02-26,Karan,Internet Bill,Bills,Debit,1187
2023-02-26,Sneha,Mobile Recharge,Bills,Debit,9084
2023-02-26,Deepak,International Flight,Travel,Debit,300212
2023-02-27,Aditya,Health Checkup,Medical,Debit,1312
2023-02-28,Rohit,Uber Ride,Travel,Debit,9202
2023-03-01,Ankit,FD Deposit,Investment,Debit,480419
2023-03-03,Raj,Sent to Friend,Transfer,Debit,12573
2023-03-03,Varun,Cafe Payment,Food,Debit,1911
2023-03-04,Aditya,International Flight,Travel,Debit,683969
2023-03-05,Varun,Gaming Purchase,Entertainment,Debit,7832
2023-03-05,Sahil,Hospital Bill,Medical,Debit,248944
2023-03-07,Tanya,UPI Transfer,Transfer,Debit,12634
2023-03-07,Nisha,Train Ticket,Travel,Debit,75102
2023-03-08,Ravi,Restaurant Dinner,Food,Debit,2839
2023-03-09,Deepak,Gaming Purchase,Entertainment,Debit,5104
2023-03-09,Megha,Sent to Friend,Transfer,Debit,10750
2023-03-09,Manish,Swiggy Order,Food,Debit,1944
2023-03-11,Rahul,Bus Ticket,Travel,Debit,8413
2023-03-12,Pooja,Pharmacy Bill,Medical,Debit,6608
2023-03-14,Yash,Flipkart Order,Shopping,Debit,59707
2023-03-16,Pooja,Restaurant Dinner,Food,Debit,2096
2023-03-16,Karan,Water Bill,Bills,Debit,9032
2023-03-18,Harsh,Swiggy Order,Food,Debit,1717
2023-03-18,Yash,Uber Ride,Travel,Debit,3823
2023-03-21,Varun,Netflix Subscription,Entertainment,Debit,6591
2023-03-21,Ankit,Sent to Friend,Transfer,Debit,656
2023-03-22,Karan,Bank Transfer Received,Transfer,Credit,14626
2023-03-22,Ankit,Internet Bill,Bills,Debit,1639
2023-03-23,Divya,Amazon Purchase,Shopping,Debit,9158
2023-03-25,Sahil,Salary Credited,Salary,Credit,64328
2023-03-30,Omkar,Doctor Consultation,Medical,Debit,28381
2023-03-31,Manish,Doctor Consultation,Medical,Debit,369
2023-04-01,Raj,Freelance Payment,Salary,Credit,49017
2023-04-04,Priya,Bank Transfer,Transfer,Debit,29162
2023-04-08,Varun,Electricity Bill,Bills,Debit,5091
2023-04-08,Divya,Zomato Order,Food,Debit,2589
2023-04-09,Tanya,Gas Bill,Bills,Debit,4178
2023-04-09,Aditya,Bank Transfer Received,Transfer,Credit,94351
2023-04-10,Isha,Zomato Order,Food,Debit,292
2023-04-11,Rahul,Movie Tickets,Entertainment,Debit,4615
2023-04-12,Tanya,Swiggy Order,Food,Debit,304
2023-04-16,Manish,Mutual Fund SIP,Investment,Debit,27856
2023-04-16,Pooja,Incentive Credited,Salary,Credit,114405
2023-04-17,Yash,Netflix Subscription,Entertainment,Debit,402
2023-04-19,Raj,Bonus Credited,Salary,Credit,36984
2023-04-20,Aditya,Incentive Credited,Salary,Credit,54809
2023-04-21,Anuvesh,Bonus Credited,Salary,Credit,45327
2023-04-23,Vikas,Uber Ride,Travel,Debit,22038
2023-04-23,Deepak,Salary Credited,Salary,Credit,84138
2023-04-24,Ankit,Gaming Purchase,Entertainment,Debit,5840
2023-04-25,Priya,Internet Bill,Bills,Debit,8462
2023-04-25,Megha,Train Ticket,Travel,Debit,71858
2023-04-25,Anuvesh,Concert Booking,Entertainment,Debit,6911
2023-04-25,Karan,Mall Shopping,Shopping,Debit,50089
2023-04-26,Sonal,Refund Received,Transfer,Credit,14070
2023-04-26,Rohit,Mall Shopping,Shopping,Debit,27750
2023-04-28,Ravi,Movie Tickets,Entertainment,Debit,11621
2023-04-28,Neha,FD Deposit,Investment,Debit,159739
2023-04-30,Rahul,Internet Bill,Bills,Debit,7617
2023-05-01,Megha,FD Deposit,Investment,Debit,573840
2023-05-06,Simran,Electricity Bill,Bills,Debit,7171
2023-05-08,Yash,Swiggy Order,Food,Debit,2212
2023-05-10,Ankit,Electronics Purchase,Shopping,Debit,292417
2023-05-10,Arjun,Incentive Credited,Salary,Credit,92218
2023-05-10,Priya,Movie Tickets,Entertainment,Debit,8457
2023-05-11,Raj,Cafe Payment,Food,Debit,2890
2023-05-12,Yash,Mutual Fund SIP,Investment,Debit,29400
2023-05-13,Rahul,Hospital Bill,Medical,Debit,119352
2023-05-13,Manish,Hospital Bill,Medical,Debit,590710
2023-05-14,Harsh,Freelance Payment,Salary,Credit,37755
2023-05-16,Megha,Uber Ride,Travel,Debit,70837
2023-05-19,Arjun,Refund Received,Transfer,Credit,76581
2023-05-20,Harsh,Movie Tickets,Entertainment,Debit,178
2023-05-20,Karan,Cafe Payment,Food,Debit,1582
2023-05-22,Raj,Bonus Credited,Salary,Credit,96947
2023-05-25,Sneha,Electricity Bill,Bills,Debit,7496
2023-05-26,Harsh,Salary Credited,Salary,Credit,56220
2023-05-26,Aman,Mall Shopping,Shopping,Debit,58662
2023-05-27,Raj,Incentive Credited,Salary,Credit,43349
2023-05-27,Pooja,Gaming Purchase,Entertainment,Debit,5653
2023-05-28,Omkar,Stock Purchase,Investment,Debit,236981
2023-05-29,Priya,Health Checkup,Medical,Debit,36916
2023-05-31,Raj,Cafe Payment,Food,Debit,579
2023-06-01,Ankit,Pharmacy Bill,Medical,Debit,14396
2023-06-02,Isha,Bank Transfer Received,Transfer,Credit,74233
2023-06-06,Priya,Sent to Friend,Transfer,Debit,36639
2023-06-08,Sahil,Zomato Order,Food,Debit,2447
2023-06-08,Sneha,Health Checkup,Medical,Debit,2235
2023-06-11,Pooja,Uber Ride,Travel,Debit,51065
2023-06-11,Sahil,Sent to Friend,Transfer,Debit,41308
2023-06-13,Manish,FD Deposit,Investment,Debit,220009
2023-06-16,Ravi,Restaurant Dinner,Food,Debit,1319
2023-06-16,Kshitij,Mobile Recharge,Bills,Debit,8101
2023-06-18,Aditya,Uber Ride,Travel,Debit,57364
2023-06-19,Priya,International Flight,Travel,Debit,503804
2023-06-20,Ravi,Internet Bill,Bills,Debit,1425
2023-06-22,Rohit,Water Bill,Bills,Debit,845
2023-06-22,Karan,Gas Bill,Bills,Debit,6977
2023-06-22,Harsh,Health Checkup,Medical,Debit,45983
2023-06-22,Rahul,Amazon Purchase,Shopping,Debit,12730
2023-06-25,Sahil,Flight Booking,Travel,Debit,49213
2023-06-27,Sonal,Insurance Premium,Investment,Debit,31067
2023-06-28,Omkar,Insurance Premium,Investment,Debit,9108
2023-07-01,Deepak,Gaming Purchase,Entertainment,Debit,4695
2023-07-03,Manish,Gas Bill,Bills,Debit,9856
2023-07-03,Sonal,Water Bill,Bills,Debit,7188
2023-07-04,Arjun,Hospital Bill,Medical,Debit,512312
2023-07-05,Karan,Uber Ride,Travel,Debit,13143
2023-07-05,Manish,Flipkart Order,Shopping,Debit,25627
2023-07-05,Omkar,Freelance Payment,Salary,Credit,23170
2023-07-06,Harsh,Mutual Fund SIP,Investment,Debit,59671
2023-07-08,Harsh,Mall Shopping,Shopping,Debit,13386
2023-07-08,Omkar,Insurance Premium,Investment,Debit,29081
2023-07-10,Rahul,Netflix Subscription,Entertainment,Debit,7285
2023-07-10,Simran,Freelance Payment,Salary,Credit,51422
2023-07-11,Harsh,Freelance Payment,Salary,Credit,73467
2023-07-11,Ankit,FD Deposit,Investment,Debit,132002
2023-07-12,Harsh,Flipkart Order,Shopping,Debit,63962
2023-07-15,Tanya,Electronics Purchase,Shopping,Debit,460708
2023-07-15,Neha,Insurance Premium,Investment,Debit,37951
2023-07-16,Rohit,Incentive Credited,Salary,Credit,74683
2023-07-18,Simran,Gas Bill,Bills,Debit,5857
2023-07-18,Isha,Health Checkup,Medical,Debit,12021
2023-07-18,Sahil,Health Checkup,Medical,Debit,27952
2023-07-18,Divya,Salary Credited,Salary,Credit,58186
2023-07-20,Varun,Hospital Bill,Medical,Debit,506300
2023-07-23,Karan,Amazon Purchase,Shopping,Debit,49762
2023-07-23,Isha,Pharmacy Bill,Medical,Debit,33665
2023-07-25,Nisha,Gas Bill,Bills,Debit,9710
2023-07-25,Isha,Sent to Friend,Transfer,Debit,37098
2023-07-26,Varun,Bonus Credited,Salary,Credit,33178
2023-07-27,Priya,Insurance Premium,Investment,Debit,16038
2023-07-28,Deepak,Sent to Friend,Transfer,Debit,43374
2023-07-30,Arjun,Gaming Purchase,Entertainment,Debit,9225
2023-08-01,Rahul,Zomato Order,Food,Debit,2867
2023-08-02,Pooja,Rent Payment,Transfer,Debit,4094
2023-08-02,Priya,Clothing Purchase,Shopping,Debit,44209
2023-08-02,Neha,Doctor Consultation,Medical,Debit,22336
2023-08-03,Sonal,Mutual Fund SIP,Investment,Debit,28676
2023-08-09,Isha,Netflix Subscription,Entertainment,Debit,14202
2023-08-10,Kshitij,Gas Bill,Bills,Debit,3359
2023-08-11,Harsh,Swiggy Order,Food,Debit,1874
2023-08-12,Varun,Stock Purchase,Investment,Debit,221543
2023-08-12,Harsh,Train Ticket,Travel,Debit,72252
2023-08-12,Vikas,Doctor Consultation,Medical,Debit,34898
2023-08-16,Varun,Health Checkup,Medical,Debit,35640
2023-08-17,Vikas,Electricity Bill,Bills,Debit,6804
2023-08-17,Priya,Incentive Credited,Salary,Credit,30775
2023-08-18,Kshitij,Flight Booking,Travel,Debit,5030
2023-08-21,Yash,Sent to Friend,Transfer,Debit,46349
2023-08-22,Varun,Freelance Payment,Salary,Credit,98819
2023-08-23,Sneha,Incentive Credited,Salary,Credit,93963
2023-08-24,Anuvesh,Zomato Order,Food,Debit,2709
2023-08-25,Omkar,Doctor Consultation,Medical,Debit,19695
2023-08-26,Sneha,Doctor Consultation,Medical,Debit,5791
2023-08-28,Yash,Water Bill,Bills,Debit,7062
2023-08-28,Vikas,Hospital Bill,Medical,Debit,518133
2023-08-28,Neha,Health Checkup,Medical,Debit,6668
2023-08-29,Aman,Movie Tickets,Entertainment,Debit,11999
2023-08-29,Sneha,Amazon Purchase,Shopping,Debit,52757
2023-08-30,Aman,Doctor Consultation,Medical,Debit,22181
2023-09-01,Sneha,Flight Booking,Travel,Debit,14474
2023-09-02,Deepak,Salary Credited,Salary,Credit,72350
2023-09-03,Sahil,Bonus Credited,Salary,Credit,24385
2023-09-05,Rahul,Insurance Premium,Investment,Debit,71241
2023-09-05,Rohit,Restaurant Dinner,Food,Debit,587
2023-09-05,Simran,Hospital Bill,Medical,Debit,506079
2023-09-05,Megha,International Flight,Travel,Debit,269244
2023-09-05,Ankit,Health Checkup,Medical,Debit,8290
2023-09-06,Raj,Bank Transfer Received,Transfer,Credit,62006
2023-09-07,Arjun,Gas Bill,Bills,Debit,6469
2023-09-08,Sahil,UPI Received,Transfer,Credit,48977
2023-09-08,Pooja,Pharmacy Bill,Medical,Debit,20739
2023-09-09,Yash,Electricity Bill,Bills,Debit,4461
2023-09-09,Kshitij,Refund Received,Transfer,Credit,56879
2023-09-10,Nisha,FD Deposit,Investment,Debit,432515
2023-09-11,Isha,Electricity Bill,Bills,Debit,5701
2023-09-11,Varun,Gas Bill,Bills,Debit,6997
2023-09-11,Sonal,Hospital Bill,Medical,Debit,51792
2023-09-13,Priya,Concert Booking,Entertainment,Debit,609
2023-09-13,Simran,Concert Booking,Entertainment,Debit,12398
2023-09-13,Simran,Bus Ticket,Travel,Debit,70790
2023-09-16,Anuvesh,Movie Tickets,Entertainment,Debit,628
2023-09-18,Ankit,Netflix Subscription,Entertainment,Debit,1737
2023-09-21,Rahul,Zomato Order,Food,Debit,2087
2023-09-21,Tanya,Restaurant Dinner,Food,Debit,1423
2023-09-21,Sneha,Mutual Fund SIP,Investment,Debit,18977
2023-09-23,Pooja,Salary Credited,Salary,Credit,103237
2023-09-23,Deepak,Movie Tickets,Entertainment,Debit,13260
2023-09-27,Aman,Stock Purchase,Investment,Debit,145393
2023-09-30,Omkar,Salary Credited,Salary,Credit,94307
2023-09-30,Neha,Rent Payment,Transfer,Debit,1814
2023-09-30,Aditya,Refund Received,Transfer,Credit,5672
2023-09-30,Arjun,Zomato Order,Food,Debit,1270
2023-10-01,Omkar,Zomato Order,Food,Debit,2866
2023-10-05,Manish,Gas Bill,Bills,Debit,599
2023-10-08,Isha,Stock Purchase,Investment,Debit,244773
2023-10-09,Priya,Mobile Recharge,Bills,Debit,8453
2023-10-10,Divya,Amazon Purchase,Shopping,Debit,1370
2023-10-12,Sneha,Electricity Bill,Bills,Debit,9917
2023-10-14,Divya,Hospital Bill,Medical,Debit,280853
2023-10-15,Karan,Hospital Bill,Medical,Debit,310003
2023-10-15,Deepak,Sent to Friend,Transfer,Debit,33745
2023-10-15,Megha,Movie Tickets,Entertainment,Debit,2050
2023-10-15,Manish,Internet Bill,Bills,Debit,8457
2023-10-17,Megha,Freelance Payment,Salary,Credit,55783
2023-10-17,Karan,Insurance Premium,Investment,Debit,45989
2023-10-18,Isha,Gaming Purchase,Entertainment,Debit,4397
2023-10-18,Anuvesh,Mall Shopping,Shopping,Debit,30229
2023-10-18,Neha,Refund Received,Transfer,Credit,35102
2023-10-21,Karan,Water Bill,Bills,Debit,194
2023-10-21,Arjun,Mutual Fund SIP,Investment,Debit,9260
2023-10-21,Tanya,Salary Credited,Salary,Credit,42312
2023-10-23,Megha,Salary Credited,Salary,Credit,59939
2023-10-25,Sneha,Bank Transfer,Transfer,Debit,36209
2023-10-27,Vikas,Zomato Order,Food,Debit,1743
2023-10-27,Megha,Zomato Order,Food,Debit,854
2023-10-28,Yash,Uber Ride,Travel,Debit,37091
2023-10-30,Sneha,Flight Booking,Travel,Debit,75404
2023-10-30,Ankit,Incentive Credited,Salary,Credit,111592
2023-10-30,Ankit,Mobile Recharge,Bills,Debit,2466
2023-10-30,Isha,Mutual Fund SIP,Investment,Debit,35517
2023-11-01,Aman,Internet Bill,Bills,Debit,1427
2023-11-01,Isha,Concert Booking,Entertainment,Debit,8527
2023-11-03,Raj,Pharmacy Bill,Medical,Debit,11841
2023-11-04,Aman,Uber Ride,Travel,Debit,28502
2023-11-05,Vikas,Stock Purchase,Investment,Debit,120821
2023-11-05,Priya,FD Deposit,Investment,Debit,328163
2023-11-05,Rohit,UPI Transfer,Transfer,Debit,32971
2023-11-07,Manish,Zomato Order,Food,Debit,2916
2023-11-08,Sahil,Electronics Purchase,Shopping,Debit,377989
2023-11-08,Neha,Water Bill,Bills,Debit,8700
2023-11-08,Harsh,Hospital Bill,Medical,Debit,302436
2023-11-09,Harsh,Train Ticket,Travel,Debit,47961
2023-11-10,Nisha,Doctor Consultation,Medical,Debit,40866
2023-11-10,Manish,Clothing Purchase,Shopping,Debit,40550
2023-11-11,Nisha,Amazon Purchase,Shopping,Debit,48569
2023-11-13,Isha,Gaming Purchase,Entertainment,Debit,3822
2023-11-14,Ankit,Health Checkup,Medical,Debit,9452
2023-11-14,Neha,Gaming Purchase,Entertainment,Debit,14004
2023-11-16,Arjun,Water Bill,Bills,Debit,5994
2023-11-16,Neha,Cafe Payment,Food,Debit,972
2023-11-16,Priya,Bonus Credited,Salary,Credit,20736
2023-11-17,Karan,Doctor Consultation,Medical,Debit,11700
2023-11-18,Yash,Rent Payment,Transfer,Debit,3055
2023-11-21,Aman,Rent Payment,Transfer,Debit,45006
2023-11-22,Rohit,Internet Bill,Bills,Debit,2553
2023-11-22,Aman,Gaming Purchase,Entertainment,Debit,4035
2023-11-23,Neha,FD Deposit,Investment,Debit,113510
2023-11-23,Kshitij,Flight Booking,Travel,Debit,64651
2023-11-23,Pooja,Electricity Bill,Bills,Debit,1580
2023-11-24,Rahul,Electronics Purchase,Shopping,Debit,475597
2023-11-25,Pooja,Electronics Purchase,Shopping,Debit,373853
2023-11-25,Rohit,Netflix Subscription,Entertainment,Debit,12940
2023-11-27,Manish,Restaurant Dinner,Food,Debit,2433
2023-11-27,Arjun,Uber Ride,Travel,Debit,61211
2023-11-30,Harsh,Mutual Fund SIP,Investment,Debit,24516
2023-12-01,Raj,Incentive Credited,Salary,Credit,87240
2023-12-01,Raj,Doctor Consultation,Medical,Debit,32973
2023-12-02,Aman,Salary Credited,Salary,Credit,89189
2023-12-02,Aman,Zomato Order,Food,Debit,2742
2023-12-03,Megha,Netflix Subscription,Entertainment,Debit,7812
2023-12-05,Raj,Mutual Fund SIP,Investment,Debit,51086
2023-12-07,Aditya,Flipkart Order,Shopping,Debit,21932
2023-12-08,Sahil,Stock Purchase,Investment,Debit,516897
2023-12-10,Omkar,Electricity Bill,Bills,Debit,5362
2023-12-14,Omkar,Refund Received,Transfer,Credit,52301
2023-12-15,Ravi,Doctor Consultation,Medical,Debit,4060
2023-12-21,Rahul,Freelance Payment,Salary,Credit,70763
2023-12-22,Deepak,Freelance Payment,Salary,Credit,85693
2023-12-22,Raj,Refund Received,Transfer,Credit,13039
2023-12-22,Vikas,UPI Received,Transfer,Credit,88983
2023-12-23,Sahil,Netflix Subscription,Entertainment,Debit,662
2023-12-24,Harsh,Electronics Purchase,Shopping,Debit,89866
2023-12-24,Vikas,Amazon Purchase,Shopping,Debit,40816
2023-12-25,Kshitij,Train Ticket,Travel,Debit,10402
2023-12-26,Sahil,Doctor Consultation,Medical,Debit,14017
2023-12-26,Arjun,Restaurant Dinner,Food,Debit,177
2023-12-27,Priya,Flight Booking,Travel,Debit,10046
2023-12-27,Varun,Amazon Purchase,Shopping,Debit,51634
2023-12-27,Ankit,Gaming Purchase,Entertainment,Debit,2701
2023-12-29,Neha,Swiggy Order,Food,Debit,2744
2023-12-31,Simran,UPI Received,Transfer,Credit,69532
2024-01-04,Divya,Freelance Payment,Salary,Credit,34183
2024-01-06,Pooja,Cafe Payment,Food,Debit,2253
2024-01-08,Nisha,Bonus Credited,Salary,Credit,60897
2024-01-08,Aditya,Stock Purchase,Investment,Debit,395082
2024-01-09,Raj,Salary Credited,Salary,Credit,30989
2024-01-09,Nisha,Movie Tickets,Entertainment,Debit,2913
2024-01-10,Deepak,Insurance Premium,Investment,Debit,49189
2024-01-11,Pooja,Hospital Bill,Medical,Debit,323285
2024-01-12,Aman,Doctor Consultation,Medical,Debit,16901
2024-01-14,Omkar,Restaurant Dinner,Food,Debit,1816
2024-01-15,Nisha,Bus Ticket,Travel,Debit,33292
2024-01-16,Raj,Pharmacy Bill,Medical,Debit,4703
2024-01-17,Rohit,Movie Tickets,Entertainment,Debit,5563
2024-01-18,Manish,Bonus Credited,Salary,Credit,63850
2024-01-18,Varun,UPI Transfer,Transfer,Debit,37761
2024-01-21,Priya,Amazon Purchase,Shopping,Debit,31522
2024-01-21,Rohit,Clothing Purchase,Shopping,Debit,16125
2024-01-21,Sonal,Electricity Bill,Bills,Debit,6986
2024-01-23,Aman,Gaming Purchase,Entertainment,Debit,12649
2024-01-25,Karan,UPI Received,Transfer,Credit,95576
2024-01-25,Sonal,Gaming Purchase,Entertainment,Debit,6827
2024-01-27,Rohit,Health Checkup,Medical,Debit,4600
2024-01-28,Ankit,Train Ticket,Travel,Debit,33303
2024-01-28,Divya,Zomato Order,Food,Debit,2862
2024-01-28,Isha,Bank Transfer Received,Transfer,Credit,62382
2024-01-28,Rohit,Restaurant Dinner,Food,Debit,1500
2024-01-29,Yash,Cafe Payment,Food,Debit,2939
2024-01-30,Deepak,Gaming Purchase,Entertainment,Debit,10398
2024-02-01,Manish,UPI Transfer,Transfer,Debit,11736
2024-02-03,Nisha,Incentive Credited,Salary,Credit,108270
2024-02-03,Megha,Salary Credited,Salary,Credit,76768
2024-02-06,Raj,Health Checkup,Medical,Debit,30386
2024-02-06,Rahul,Zomato Order,Food,Debit,2987
2024-02-07,Priya,Flight Booking,Travel,Debit,57918
2024-02-09,Anuvesh,Gaming Purchase,Entertainment,Debit,12082
2024-02-09,Anuvesh,Train Ticket,Travel,Debit,1550
2024-02-10,Rahul,Salary Credited,Salary,Credit,112765
2024-02-10,Harsh,Mobile Recharge,Bills,Debit,7794
2024-02-13,Ankit,Water Bill,Bills,Debit,8148
2024-02-13,Manish,Internet Bill,Bills,Debit,4025
2024-02-14,Kshitij,Insurance Premium,Investment,Debit,41893
2024-02-15,Vikas,Freelance Payment,Salary,Credit,73223
2024-02-17,Simran,Uber Ride,Travel,Debit,75489
2024-02-17,Deepak,Salary Credited,Salary,Credit,66788
2024-02-18,Omkar,Clothing Purchase,Shopping,Debit,35949
2024-02-19,Karan,Swiggy Order,Food,Debit,996
2024-02-20,Arjun,Movie Tickets,Entertainment,Debit,14374
2024-02-21,Sahil,Internet Bill,Bills,Debit,9248
2024-02-24,Arjun,Bonus Credited,Salary,Credit,119103
2024-02-25,Sneha,Internet Bill,Bills,Debit,6909
2024-02-26,Sneha,Insurance Premium,Investment,Debit,59487
2024-02-29,Kshitij,Hospital Bill,Medical,Debit,460619
2024-03-01,Priya,Sent to Friend,Transfer,Debit,24275
2024-03-04,Aman,Gaming Purchase,Entertainment,Debit,8710
2024-03-06,Neha,Electricity Bill,Bills,Debit,7702
2024-03-07,Pooja,FD Deposit,Investment,Debit,686372
2024-03-11,Raj,Movie Tickets,Entertainment,Debit,1482
2024-03-12,Neha,Incentive Credited,Salary,Credit,111980
2024-03-12,Nisha,Salary Credited,Salary,Credit,106759
2024-03-13,Tanya,Incentive Credited,Salary,Credit,75196
2024-03-14,Ankit,Swiggy Order,Food,Debit,2283
2024-03-15,Tanya,Mutual Fund SIP,Investment,Debit,18122
2024-03-15,Manish,Bank Transfer Received,Transfer,Credit,8277
2024-03-16,Kshitij,Gaming Purchase,Entertainment,Debit,10424
2024-03-17,Priya,Pharmacy Bill,Medical,Debit,2415
2024-03-18,Varun,Movie Tickets,Entertainment,Debit,5363
2024-03-18,Aditya,Mutual Fund SIP,Investment,Debit,25935
2024-03-19,Sahil,Mall Shopping,Shopping,Debit,26201
2024-03-21,Tanya,Mutual Fund SIP,Investment,Debit,20382
2024-03-25,Simran,Movie Tickets,Entertainment,Debit,1857
2024-03-27,Ankit,Electronics Purchase,Shopping,Debit,174018
2024-03-27,Simran,Concert Booking,Entertainment,Debit,7028
2024-03-28,Anuvesh,Bonus Credited,Salary,Credit,102632
2024-03-28,Arjun,Concert Booking,Entertainment,Debit,14101
2024-03-29,Isha,Netflix Subscription,Entertainment,Debit,9446
2024-03-30,Sonal,Gaming Purchase,Entertainment,Debit,12316
2024-03-30,Nisha,UPI Received,Transfer,Credit,75193
2024-03-31,Neha,Gas Bill,Bills,Debit,7060
2024-03-31,Kshitij,Insurance Premium,Investment,Debit,58416
2024-04-01,Ankit,Stock Purchase,Investment,Debit,396670
2024-04-02,Sonal,Zomato Order,Food,Debit,507
2024-04-03,Kshitij,Swiggy Order,Food,Debit,2882
2024-04-04,Ravi,Rent Payment,Transfer,Debit,19862
2024-04-09,Tanya,Insurance Premium,Investment,Debit,28445
2024-04-13,Rohit,Movie Tickets,Entertainment,Debit,5404
2024-04-14,Raj,FD Deposit,Investment,Debit,215162
2024-04-15,Omkar,Bus Ticket,Travel,Debit,52054
2024-04-17,Nisha,Movie Tickets,Entertainment,Debit,13090
2024-04-18,Nisha,Zomato Order,Food,Debit,294
2024-04-18,Neha,Swiggy Order,Food,Debit,327
2024-04-21,Deepak,Cafe Payment,Food,Debit,2041
2024-04-22,Anuvesh,Mall Shopping,Shopping,Debit,48110
2024-04-24,Karan,Insurance Premium,Investment,Debit,4892
2024-04-27,Anuvesh,Gas Bill,Bills,Debit,7626
2024-04-27,Arjun,Hospital Bill,Medical,Debit,378925
2024-04-27,Priya,Doctor Consultation,Medical,Debit,18245
2024-04-30,Aman,Swiggy Order,Food,Debit,2520
2024-05-04,Ravi,Sent to Friend,Transfer,Debit,46271
2024-05-06,Rahul,FD Deposit,Investment,Debit,624320
2024-05-08,Priya,Mutual Fund SIP,Investment,Debit,9261
2024-05-09,Ravi,Flight Booking,Travel,Debit,50553
2024-05-09,Vikas,Clothing Purchase,Shopping,Debit,30920
2024-05-10,Raj,Water Bill,Bills,Debit,7433
2024-05-10,Omkar,Train Ticket,Travel,Debit,23892
2024-05-12,Arjun,Stock Purchase,Investment,Debit,148608
2024-05-13,Nisha,Concert Booking,Entertainment,Debit,4684
2024-05-14,Rahul,International Flight,Travel,Debit,72708
2024-05-14,Arjun,Freelance Payment,Salary,Credit,38357
2024-05-15,Aman,Electronics Purchase,Shopping,Debit,392212
2024-05-15,Aman,Pharmacy Bill,Medical,Debit,19965
2024-05-15,Simran,Movie Tickets,Entertainment,Debit,5509
2024-05-17,Sneha,Salary Credited,Salary,Credit,61165
2024-05-17,Deepak,Netflix Subscription,Entertainment,Debit,2983
2024-05-18,Sonal,Water Bill,Bills,Debit,8996
2024-05-20,Sahil,Internet Bill,Bills,Debit,5994
2024-05-20,Divya,International Flight,Travel,Debit,577203
2024-05-22,Divya,Freelance Payment,Salary,Credit,111869
2024-05-27,Harsh,International Flight,Travel,Debit,270410
2024-05-29,Priya,Mobile Recharge,Bills,Debit,2570
2024-05-30,Anuvesh,Stock Purchase,Investment,Debit,602323
2024-05-30,Priya,Netflix Subscription,Entertainment,Debit,14823
2024-05-31,Rohit,Hospital Bill,Medical,Debit,52944
2024-06-02,Aditya,Incentive Credited,Salary,Credit,45370
2024-06-02,Simran,Incentive Credited,Salary,Credit,47325
2024-06-02,Ankit,Bank Transfer,Transfer,Debit,4425
2024-06-02,Sahil,Incentive Credited,Salary,Credit,55910
2024-06-03,Megha,Concert Booking,Entertainment,Debit,5437
2024-06-04,Karan,Stock Purchase,Investment,Debit,456497
2024-06-04,Aman,Mobile Recharge,Bills,Debit,6545
2024-06-04,Priya,Clothing Purchase,Shopping,Debit,38810
2024-06-06,Tanya,Salary Credited,Salary,Credit,114610
2024-06-06,Priya,International Flight,Travel,Debit,88416
2024-06-06,Aditya,Movie Tickets,Entertainment,Debit,12528
2024-06-08,Raj,Train Ticket,Travel,Debit,79647
2024-06-09,Ravi,Bus Ticket,Travel,Debit,25984
2024-06-09,Manish,Netflix Subscription,Entertainment,Debit,3479
2024-06-10,Rohit,Bonus Credited,Salary,Credit,65673
2024-06-13,Rahul,Electronics Purchase,Shopping,Debit,116051
2024-06-13,Sonal,Bonus Credited,Salary,Credit,116595
2024-06-14,Harsh,Flipkart Order,Shopping,Debit,37663
2024-06-14,Simran,Zomato Order,Food,Debit,2693
2024-06-16,Harsh,Cafe Payment,Food,Debit,2775
2024-06-16,Sonal,Bank Transfer,Transfer,Debit,7567
2024-06-17,Sonal,Mutual Fund SIP,Investment,Debit,46570
2024-06-18,Rahul,Internet Bill,Bills,Debit,9351
2024-06-18,Simran,Mobile Recharge,Bills,Debit,4244
2024-06-18,Ravi,Rent Payment,Transfer,Debit,11325
2024-06-20,Anuvesh,Incentive Credited,Salary,Credit,79912
2024-06-21,Simran,Cafe Payment,Food,Debit,405
2024-06-22,Omkar,Gaming Purchase,Entertainment,Debit,8225
2024-06-24,Pooja,Uber Ride,Travel,Debit,50948
2024-06-24,Harsh,Swiggy Order,Food,Debit,2740
2024-06-24,Arjun,Restaurant Dinner,Food,Debit,2215
2024-06-25,Raj,Mobile Recharge,Bills,Debit,358
2024-06-26,Harsh,Mobile Recharge,Bills,Debit,2902
2024-06-27,Omkar,Mall Shopping,Shopping,Debit,37280
2024-06-27,Rohit,Clothing Purchase,Shopping,Debit,36713
2024-06-29,Anuvesh,Clothing Purchase,Shopping,Debit,29970
2024-06-29,Aditya,Health Checkup,Medical,Debit,39509
2024-06-29,Tanya,Flipkart Order,Shopping,Debit,50219
2024-06-29,Ankit,Cafe Payment,Food,Debit,2809
2024-06-30,Kshitij,Restaurant Dinner,Food,Debit,2713
2024-07-01,Varun,Netflix Subscription,Entertainment,Debit,11495
2024-07-01,Vikas,Refund Received,Transfer,Credit,66075
2024-07-01,Megha,Health Checkup,Medical,Debit,12212
2024-07-01,Varun,Swiggy Order,Food,Debit,1360
2024-07-02,Tanya,Flight Booking,Travel,Debit,17351
2024-07-03,Divya,Insurance Premium,Investment,Debit,74303
2024-07-04,Megha,Mall Shopping,Shopping,Debit,50690
2024-07-05,Simran,International Flight,Travel,Debit,290704
2024-07-05,Raj,Salary Credited,Salary,Credit,36014
2024-07-07,Kshitij,Insurance Premium,Investment,Debit,27501
2024-07-09,Anuvesh,Electricity Bill,Bills,Debit,631
2024-07-10,Priya,Movie Tickets,Entertainment,Debit,10308
2024-07-10,Kshitij,Restaurant Dinner,Food,Debit,1653
2024-07-11,Rohit,Mobile Recharge,Bills,Debit,4006
2024-07-12,Sneha,Train Ticket,Travel,Debit,34937
2024-07-13,Sahil,FD Deposit,Investment,Debit,226959
2024-07-14,Anuvesh,Amazon Purchase,Shopping,Debit,14235
2024-07-15,Priya,Sent to Friend,Transfer,Debit,48587
2024-07-15,Manish,Refund Received,Transfer,Credit,76218
2024-07-16,Simran,Netflix Subscription,Entertainment,Debit,6821
2024-07-17,Simran,UPI Received,Transfer,Credit,27174
2024-07-19,Ravi,Swiggy Order,Food,Debit,1347
2024-07-24,Pooja,Refund Received,Transfer,Credit,7203
2024-07-24,Simran,Netflix Subscription,Entertainment,Debit,4391
2024-07-25,Nisha,Electricity Bill,Bills,Debit,7816
2024-07-27,Nisha,Pharmacy Bill,Medical,Debit,49001
2024-07-28,Vikas,Bus Ticket,Travel,Debit,37451
2024-08-01,Rohit,Incentive Credited,Salary,Credit,36989
2024-08-02,Karan,Electricity Bill,Bills,Debit,6475
2024-08-03,Aditya,Amazon Purchase,Shopping,Debit,10702
2024-08-03,Sneha,UPI Transfer,Transfer,Debit,29100
2024-08-05,Nisha,Health Checkup,Medical,Debit,14448
2024-08-06,Sahil,Hospital Bill,Medical,Debit,330987
2024-08-06,Kshitij,Bus Ticket,Travel,Debit,1671
2024-08-06,Yash,Amazon Purchase,Shopping,Debit,13536
2024-08-06,Ankit,Doctor Consultation,Medical,Debit,7415
2024-08-07,Rohit,Gas Bill,Bills,Debit,3091
2024-08-08,Tanya,Gaming Purchase,Entertainment,Debit,1536
2024-08-09,Priya,UPI Transfer,Transfer,Debit,6287
2024-08-09,Priya,Rent Payment,Transfer,Debit,49853
2024-08-11,Yash,Gaming Purchase,Entertainment,Debit,14147
2024-08-12,Anuvesh,Hospital Bill,Medical,Debit,301309
2024-08-13,Aditya,Train Ticket,Travel,Debit,6096
2024-08-13,Aditya,Concert Booking,Entertainment,Debit,12129
2024-08-16,Harsh,Mutual Fund SIP,Investment,Debit,46018
2024-08-17,Aditya,Insurance Premium,Investment,Debit,13746
2024-08-19,Omkar,Incentive Credited,Salary,Credit,57591
2024-08-20,Aman,Electronics Purchase,Shopping,Debit,405222
2024-08-21,Yash,Pharmacy Bill,Medical,Debit,21427
2024-08-22,Nisha,Gas Bill,Bills,Debit,8397
2024-08-22,Tanya,Electricity Bill,Bills,Debit,1803
2024-08-23,Anuvesh,Doctor Consultation,Medical,Debit,18071
2024-08-23,Megha,Mutual Fund SIP,Investment,Debit,72811
2024-08-25,Simran,Gaming Purchase,Entertainment,Debit,2636
2024-08-25,Karan,Mutual Fund SIP,Investment,Debit,73171
2024-08-25,Ankit,Uber Ride,Travel,Debit,55895
2024-08-27,Anuvesh,Swiggy Order,Food,Debit,205
2024-08-28,Ravi,Train Ticket,Travel,Debit,69948
2024-08-28,Ankit,Refund Received,Transfer,Credit,47780
2024-08-29,Deepak,Electronics Purchase,Shopping,Debit,419725
2024-08-30,Megha,UPI Received,Transfer,Credit,84559
2024-08-31,Kshitij,Train Ticket,Travel,Debit,53275
2024-08-31,Vikas,Stock Purchase,Investment,Debit,474834
2024-09-03,Omkar,Mall Shopping,Shopping,Debit,40194
2024-09-04,Tanya,International Flight,Travel,Debit,380064
2024-09-05,Sahil,Incentive Credited,Salary,Credit,77620
2024-09-06,Neha,Hospital Bill,Medical,Debit,643670
2024-09-08,Ankit,Netflix Subscription,Entertainment,Debit,14334
2024-09-08,Omkar,Gaming Purchase,Entertainment,Debit,2160
2024-09-09,Divya,Electronics Purchase,Shopping,Debit,476054
2024-09-10,Omkar,Stock Purchase,Investment,Debit,666635
2024-09-11,Aman,Restaurant Dinner,Food,Debit,1102
2024-09-12,Isha,Cafe Payment,Food,Debit,1393
2024-09-14,Divya,Flipkart Order,Shopping,Debit,13959
2024-09-18,Anuvesh,Restaurant Dinner,Food,Debit,2488
2024-09-19,Deepak,International Flight,Travel,Debit,495840
2024-09-20,Raj,Hospital Bill,Medical,Debit,449178
2024-09-21,Isha,Freelance Payment,Salary,Credit,25676
2024-09-22,Megha,Mobile Recharge,Bills,Debit,9510
2024-09-22,Nisha,Netflix Subscription,Entertainment,Debit,12418
2024-09-24,Tanya,Swiggy Order,Food,Debit,2877
2024-09-25,Yash,Salary Credited,Salary,Credit,42188
2024-09-25,Harsh,Stock Purchase,Investment,Debit,522189
2024-09-26,Sneha,Bonus Credited,Salary,Credit,66185
2024-09-26,Sahil,Freelance Payment,Salary,Credit,24005
2024-09-27,Ravi,Train Ticket,Travel,Debit,50674
2024-09-30,Neha,Salary Credited,Salary,Credit,51994
2024-10-01,Sahil,Rent Payment,Transfer,Debit,15401
2024-10-02,Vikas,Uber Ride,Travel,Debit,48814
2024-10-03,Ravi,Insurance Premium,Investment,Debit,46023
2024-10-03,Sonal,International Flight,Travel,Debit,639012
2024-10-05,Omkar,FD Deposit,Investment,Debit,152656
2024-10-11,Priya,Swiggy Order,Food,Debit,352
2024-10-12,Priya,Zomato Order,Food,Debit,868
2024-10-14,Isha,Movie Tickets,Entertainment,Debit,8665
2024-10-15,Pooja,FD Deposit,Investment,Debit,266160
2024-10-16,Rahul,UPI Transfer,Transfer,Debit,32918
2024-10-17,Karan,Zomato Order,Food,Debit,2527
2024-10-17,Arjun,Zomato Order,Food,Debit,2141
2024-10-18,Rohit,Mutual Fund SIP,Investment,Debit,8467
2024-10-21,Aman,Gaming Purchase,Entertainment,Debit,10438
2024-10-22,Neha,Train Ticket,Travel,Debit,13797
2024-10-22,Harsh,Insurance Premium,Investment,Debit,48128
2024-10-23,Harsh,Mall Shopping,Shopping,Debit,7995
2024-10-24,Arjun,Electronics Purchase,Shopping,Debit,478910
2024-10-25,Anuvesh,Gaming Purchase,Entertainment,Debit,8717
2024-10-25,Rahul,Stock Purchase,Investment,Debit,315316
2024-10-26,Ravi,Incentive Credited,Salary,Credit,79514
2024-10-29,Pooja,Doctor Consultation,Medical,Debit,49261
2024-10-30,Simran,Flight Booking,Travel,Debit,60656
2024-11-06,Rahul,Health Checkup,Medical,Debit,7218
2024-11-06,Sneha,Swiggy Order,Food,Debit,2343
2024-11-07,Harsh,Incentive Credited,Salary,Credit,26700
2024-11-07,Simran,Electronics Purchase,Shopping,Debit,512733
2024-11-08,Ravi,Hospital Bill,Medical,Debit,89353
2024-11-08,Megha,Clothing Purchase,Shopping,Debit,13813
2024-11-09,Megha,Rent Payment,Transfer,Debit,19742
2024-11-09,Isha,Train Ticket,Travel,Debit,35948
2024-11-10,Ravi,Freelance Payment,Salary,Credit,100013
2024-11-10,Megha,Doctor Consultation,Medical,Debit,39086
2024-11-11,Anuvesh,Insurance Premium,Investment,Debit,24536
2024-11-12,Deepak,Water Bill,Bills,Debit,8232
2024-11-14,Nisha,UPI Transfer,Transfer,Debit,43891
2024-11-14,Tanya,Mall Shopping,Shopping,Debit,21759
2024-11-16,Deepak,Pharmacy Bill,Medical,Debit,22325
2024-11-16,Pooja,UPI Received,Transfer,Credit,6314
2024-11-18,Manish,Bonus Credited,Salary,Credit,92145
2024-11-19,Sonal,Mall Shopping,Shopping,Debit,11092
2024-11-20,Tanya,Restaurant Dinner,Food,Debit,1427
2024-11-20,Nisha,Clothing Purchase,Shopping,Debit,2354
2024-11-22,Priya,FD Deposit,Investment,Debit,239451
2024-11-22,Rohit,Health Checkup,Medical,Debit,7348
2024-11-22,Kshitij,Refund Received,Transfer,Credit,19040
2024-11-23,Sneha,Water Bill,Bills,Debit,564
2024-11-24,Arjun,Swiggy Order,Food,Debit,1742
2024-11-24,Rahul,Mall Shopping,Shopping,Debit,46835
2024-11-26,Sneha,UPI Transfer,Transfer,Debit,41164
2024-11-27,Varun,Gaming Purchase,Entertainment,Debit,11070
2024-11-27,Anuvesh,Mobile Recharge,Bills,Debit,279
2024-11-29,Isha,Bus Ticket,Travel,Debit,11640
2024-11-29,Manish,Bus Ticket,Travel,Debit,17000
2024-11-30,Raj,Flipkart Order,Shopping,Debit,41121
2024-12-01,Manish,Bus Ticket,Travel,Debit,62422
2024-12-01,Neha,FD Deposit,Investment,Debit,575737
2024-12-01,Kshitij,Salary Credited,Salary,Credit,96862
2024-12-03,Aditya,Mutual Fund SIP,Investment,Debit,37513
2024-12-03,Simran,Salary Credited,Salary,Credit,48345
2024-12-05,Varun,Stock Purchase,Investment,Debit,597071
2024-12-05,Aditya,Concert Booking,Entertainment,Debit,13363
2024-12-06,Aditya,Doctor Consultation,Medical,Debit,10228
2024-12-07,Nisha,Concert Booking,Entertainment,Debit,1980
2024-12-08,Aditya,Electronics Purchase,Shopping,Debit,153396
2024-12-08,Sonal,Rent Payment,Transfer,Debit,17666
2024-12-09,Arjun,Swiggy Order,Food,Debit,2765
2024-12-10,Vikas,Flipkart Order,Shopping,Debit,36175
2024-12-12,Rahul,Doctor Consultation,Medical,Debit,25405
2024-12-14,Deepak,Internet Bill,Bills,Debit,5515
2024-12-15,Rohit,Uber Ride,Travel,Debit,70852
2024-12-15,Aman,Restaurant Dinner,Food,Debit,1367
2024-12-16,Deepak,Incentive Credited,Salary,Credit,65530
2024-12-17,Divya,Uber Ride,Travel,Debit,44544
2024-12-17,Nisha,UPI Received,Transfer,Credit,45078
2024-12-21,Arjun,Rent Payment,Transfer,Debit,37227
2024-12-22,Deepak,Concert Booking,Entertainment,Debit,5608
2024-12-24,Raj,Water Bill,Bills,Debit,6780
2024-12-25,Sonal,Restaurant Dinner,Food,Debit,1979
2024-12-25,Sahil,Incentive Credited,Salary,Credit,30540
2024-12-26,Sahil,Restaurant Dinner,Food,Debit,869
2024-12-26,Ankit,Electronics Purchase,Shopping,Debit,95873
2024-12-27,Karan,Rent Payment,Transfer,Debit,13450
2024-12-28,Sneha,International Flight,Travel,Debit,444024
2024-12-28,Yash,Zomato Order,Food,Debit,541
2024-12-28,Harsh,Clothing Purchase,Shopping,Debit,5660
2024-12-30,Vikas,Insurance Premium,Investment,Debit,27114
2024-12-30,Nisha,Clothing Purchase,Shopping,Debit,48796
2024-12-31,Deepak,Mall Shopping,Shopping,Debit,55119
2025-01-01,Sneha,Insurance Premium,Investment,Debit,46235
2025-01-03,Ankit,Uber Ride,Travel,Debit,74251
2025-01-03,Tanya,UPI Transfer,Transfer,Debit,49382
2025-01-05,Sonal,Rent Payment,Transfer,Debit,41048
2025-01-07,Raj,Internet Bill,Bills,Debit,1661
2025-01-07,Manish,Internet Bill,Bills,Debit,7416
2025-01-08,Rohit,Pharmacy Bill,Medical,Debit,20278
2025-01-08,Nisha,Mutual Fund SIP,Investment,Debit,45195
2025-01-09,Pooja,Mutual Fund SIP,Investment,Debit,72558
2025-01-11,Harsh,Swiggy Order,Food,Debit,1920
2025-01-11,Kshitij,Water Bill,Bills,Debit,8077
2025-01-17,Manish,Water Bill,Bills,Debit,7880
2025-01-18,Manish,Pharmacy Bill,Medical,Debit,49945
2025-01-19,Omkar,Netflix Subscription,Entertainment,Debit,5733
2025-01-22,Isha,Swiggy Order,Food,Debit,2219
2025-01-24,Divya,Electricity Bill,Bills,Debit,4428
2025-01-25,Omkar,Movie Tickets,Entertainment,Debit,4347
2025-01-26,Tanya,Concert Booking,Entertainment,Debit,8821
2025-01-28,Yash,Gaming Purchase,Entertainment,Debit,2110
2025-01-29,Omkar,Hospital Bill,Medical,Debit,571516
2025-01-31,Arjun,Salary Credited,Salary,Credit,112328
2025-01-31,Simran,Refund Received,Transfer,Credit,96398
2025-02-01,Yash,Incentive Credited,Salary,Credit,81705
2025-02-02,Raj,Train Ticket,Travel,Debit,17665
2025-02-04,Karan,Health Checkup,Medical,Debit,8864
2025-02-05,Arjun,Mall Shopping,Shopping,Debit,48576
2025-02-06,Pooja,Mall Shopping,Shopping,Debit,66769
2025-02-06,Divya,Bank Transfer,Transfer,Debit,5351
2025-02-08,Megha,Bank Transfer,Transfer,Debit,2953
2025-02-08,Sonal,Doctor Consultation,Medical,Debit,47899
2025-02-08,Ankit,Insurance Premium,Investment,Debit,16687
2025-02-10,Varun,Cafe Payment,Food,Debit,2895
2025-02-14,Ravi,Movie Tickets,Entertainment,Debit,10431
2025-02-15,Sneha,Doctor Consultation,Medical,Debit,35284
2025-02-16,Sahil,Bank Transfer,Transfer,Debit,5295
2025-02-17,Tanya,Bank Transfer,Transfer,Debit,40521
2025-02-17,Priya,Insurance Premium,Investment,Debit,53081
2025-02-19,Omkar,International Flight,Travel,Debit,333838
2025-02-20,Divya,Bank Transfer,Transfer,Debit,46731
2025-02-23,Isha,Freelance Payment,Salary,Credit,67419
2025-02-23,Varun,Flight Booking,Travel,Debit,3750
2025-02-24,Yash,Train Ticket,Travel,Debit,30746
2025-02-24,Omkar,Bank Transfer,Transfer,Debit,26252
2025-02-26,Divya,Electronics Purchase,Shopping,Debit,362131
2025-02-27,Aman,Health Checkup,Medical,Debit,1028
2025-02-27,Sonal,Concert Booking,Entertainment,Debit,13802
2025-02-27,Sneha,UPI Transfer,Transfer,Debit,7790
2025-02-28,Sneha,Bus Ticket,Travel,Debit,77745
2025-02-28,Ankit,UPI Transfer,Transfer,Debit,7426
2025-03-01,Isha,Zomato Order,Food,Debit,2786
2025-03-01,Neha,Flight Booking,Travel,Debit,5420
2025-03-02,Kshitij,Incentive Credited,Salary,Credit,40101
2025-03-03,Rahul,Rent Payment,Transfer,Debit,22075
2025-03-03,Karan,Freelance Payment,Salary,Credit,117185
2025-03-05,Rohit,Doctor Consultation,Medical,Debit,41817
2025-03-06,Priya,Uber Ride,Travel,Debit,51038
2025-03-06,Sonal,Water Bill,Bills,Debit,838
2025-03-07,Aditya,Doctor Consultation,Medical,Debit,35275
2025-03-07,Kshitij,Bonus Credited,Salary,Credit,93152
2025-03-08,Ravi,Incentive Credited,Salary,Credit,58873
2025-03-10,Rahul,Hospital Bill,Medical,Debit,102615
2025-03-11,Divya,Internet Bill,Bills,Debit,6597
2025-03-11,Rohit,Swiggy Order,Food,Debit,314
2025-03-17,Neha,Insurance Premium,Investment,Debit,66545
2025-03-17,Aman,Swiggy Order,Food,Debit,2020
2025-03-18,Simran,Pharmacy Bill,Medical,Debit,30865
2025-03-19,Karan,Clothing Purchase,Shopping,Debit,10452
2025-03-19,Isha,Mutual Fund SIP,Investment,Debit,73262
2025-03-20,Tanya,Gaming Purchase,Entertainment,Debit,6707
2025-03-20,Sonal,Refund Received,Transfer,Credit,35903
2025-03-23,Megha,Insurance Premium,Investment,Debit,58908
2025-03-24,Manish,Train Ticket,Travel,Debit,48852
2025-03-27,Aman,Flight Booking,Travel,Debit,61299
2025-04-01,Ankit,Gas Bill,Bills,Debit,5614
2025-04-02,Isha,Train Ticket,Travel,Debit,60863
2025-04-02,Aman,UPI Transfer,Transfer,Debit,1948
2025-04-06,Nisha,FD Deposit,Investment,Debit,236225
2025-04-07,Deepak,Doctor Consultation,Medical,Debit,23719
2025-04-12,Megha,Gas Bill,Bills,Debit,1721
2025-04-13,Priya,Flipkart Order,Shopping,Debit,9137
2025-04-14,Neha,Incentive Credited,Salary,Credit,111035
2025-04-14,Simran,Incentive Credited,Salary,Credit,71988
2025-04-16,Deepak,Insurance Premium,Investment,Debit,10712
2025-04-17,Deepak,Restaurant Dinner,Food,Debit,2848
2025-04-17,Pooja,Pharmacy Bill,Medical,Debit,22479
2025-04-20,Pooja,Electricity Bill,Bills,Debit,2201
2025-04-21,Anuvesh,Bonus Credited,Salary,Credit,33835
2025-04-23,Karan,Concert Booking,Entertainment,Debit,1201
2025-04-23,Karan,Pharmacy Bill,Medical,Debit,3541
2025-04-26,Neha,Electricity Bill,Bills,Debit,346
2025-04-27,Yash,Health Checkup,Medical,Debit,15282
2025-04-27,Pooja,Concert Booking,Entertainment,Debit,281
2025-04-28,Simran,Stock Purchase,Investment,Debit,550855
2025-05-02,Nisha,Swiggy Order,Food,Debit,151
2025-05-03,Raj,Hospital Bill,Medical,Debit,516073
2025-05-03,Ankit,Doctor Consultation,Medical,Debit,17213
2025-05-05,Aditya,Doctor Consultation,Medical,Debit,35255
2025-05-05,Aditya,Stock Purchase,Investment,Debit,289637
2025-05-07,Isha,Netflix Subscription,Entertainment,Debit,9348
2025-05-09,Nisha,Flipkart Order,Shopping,Debit,56065
2025-05-10,Rohit,Zomato Order,Food,Debit,1293
2025-05-14,Rohit,Electricity Bill,Bills,Debit,7041
2025-05-16,Aman,Freelance Payment,Salary,Credit,62647
2025-05-16,Priya,Zomato Order,Food,Debit,2316
2025-05-18,Neha,Salary Credited,Salary,Credit,72518
2025-05-18,Harsh,Clothing Purchase,Shopping,Debit,29896
2025-05-18,Deepak,Bank Transfer,Transfer,Debit,23613
2025-05-19,Priya,Rent Payment,Transfer,Debit,44025
2025-05-22,Varun,Flight Booking,Travel,Debit,12441
2025-05-22,Manish,Insurance Premium,Investment,Debit,57959
2025-05-23,Vikas,Mobile Recharge,Bills,Debit,5875
2025-05-24,Raj,Movie Tickets,Entertainment,Debit,1635
2025-05-25,Yash,International Flight,Travel,Debit,172519
2025-05-28,Ankit,Stock Purchase,Investment,Debit,412529
2025-05-29,Tanya,Stock Purchase,Investment,Debit,551137
2025-05-29,Sahil,Health Checkup,Medical,Debit,34975
2025-05-29,Aman,FD Deposit,Investment,Debit,288204
2025-05-30,Ankit,Insurance Premium,Investment,Debit,13111
2025-05-31,Yash,Incentive Credited,Salary,Credit,86471
2025-05-31,Divya,Incentive Credited,Salary,Credit,27754
2025-06-02,Nisha,Cafe Payment,Food,Debit,1217
2025-06-02,Rohit,Stock Purchase,Investment,Debit,422851
2025-06-04,Harsh,Freelance Payment,Salary,Credit,66587
2025-06-06,Simran,Incentive Credited,Salary,Credit,90809
2025-06-06,Arjun,Clothing Purchase,Shopping,Debit,4455
2025-06-07,Divya,Freelance Payment,Salary,Credit,97537
2025-06-07,Karan,Health Checkup,Medical,Debit,1306
2025-06-09,Simran,Flipkart Order,Shopping,Debit,13631
2025-06-09,Yash,Mutual Fund SIP,Investment,Debit,42220
2025-06-09,Varun,Amazon Purchase,Shopping,Debit,25174
2025-06-10,Anuvesh,Bank Transfer Received,Transfer,Credit,99602
2025-06-13,Pooja,Flipkart Order,Shopping,Debit,45517
2025-06-13,Ankit,Cafe Payment,Food,Debit,1467
2025-06-15,Isha,Amazon Purchase,Shopping,Debit,4145
2025-06-18,Tanya,Doctor Consultation,Medical,Debit,47951
2025-06-21,Aman,Water Bill,Bills,Debit,9137
2025-06-21,Megha,Concert Booking,Entertainment,Debit,8464
2025-06-23,Karan,Concert Booking,Entertainment,Debit,14239
2025-06-23,Manish,Cafe Payment,Food,Debit,2563
2025-06-24,Tanya,Mall Shopping,Shopping,Debit,53920
2025-06-27,Neha,Pharmacy Bill,Medical,Debit,24466
2025-06-29,Anuvesh,Gas Bill,Bills,Debit,1791
2025-07-02,Omkar,Electricity Bill,Bills,Debit,5212
2025-07-02,Yash,Amazon Purchase,Shopping,Debit,24793
2025-07-02,Simran,Health Checkup,Medical,Debit,42298
2025-07-03,Karan,Flight Booking,Travel,Debit,71992
2025-07-03,Manish,Amazon Purchase,Shopping,Debit,7882
2025-07-05,Deepak,Doctor Consultation,Medical,Debit,9386
2025-07-05,Nisha,Electronics Purchase,Shopping,Debit,557093
2025-07-07,Sneha,Refund Received,Transfer,Credit,12878
2025-07-09,Varun,Movie Tickets,Entertainment,Debit,6236
2025-07-11,Priya,Zomato Order,Food,Debit,462
2025-07-12,Priya,Netflix Subscription,Entertainment,Debit,5543
2025-07-16,Neha,Stock Purchase,Investment,Debit,435583
2025-07-19,Yash,Uber Ride,Travel,Debit,44086
2025-07-19,Nisha,Hospital Bill,Medical,Debit,558615
2025-07-20,Megha,Mutual Fund SIP,Investment,Debit,64059
2025-07-23,Anuvesh,International Flight,Travel,Debit,522583
2025-07-24,Tanya,Incentive Credited,Salary,Credit,108856
2025-07-24,Pooja,Concert Booking,Entertainment,Debit,13635
2025-07-24,Omkar,Hospital Bill,Medical,Debit,661525
2025-07-25,Varun,Hospital Bill,Medical,Debit,511547
2025-07-26,Neha,Movie Tickets,Entertainment,Debit,7505
2025-07-26,Aditya,Clothing Purchase,Shopping,Debit,40419
2025-07-27,Arjun,Incentive Credited,Salary,Credit,87374
2025-07-29,Rohit,Pharmacy Bill,Medical,Debit,29006
2025-07-31,Deepak,Swiggy Order,Food,Debit,2250
2025-08-02,Manish,Flight Booking,Travel,Debit,5213
2025-08-04,Ravi,Water Bill,Bills,Debit,7096
2025-08-06,Deepak,Movie Tickets,Entertainment,Debit,7415
2025-08-06,Yash,Flight Booking,Travel,Debit,3774
2025-08-07,Raj,Bonus Credited,Salary,Credit,89939
2025-08-12,Sonal,FD Deposit,Investment,Debit,132743
2025-08-13,Ankit,Sent to Friend,Transfer,Debit,45878
2025-08-14,Aditya,UPI Transfer,Transfer,Debit,18984
2025-08-15,Pooja,Movie Tickets,Entertainment,Debit,13427
2025-08-17,Rohit,Doctor Consultation,Medical,Debit,10097
2025-08-20,Nisha,Insurance Premium,Investment,Debit,75628
2025-08-21,Aditya,Mutual Fund SIP,Investment,Debit,44540
2025-08-21,Raj,Mutual Fund SIP,Investment,Debit,28527
2025-08-22,Deepak,Gaming Purchase,Entertainment,Debit,12387
2025-08-22,Divya,UPI Received,Transfer,Credit,71191
2025-08-25,Ravi,Internet Bill,Bills,Debit,5277
2025-08-28,Pooja,Doctor Consultation,Medical,Debit,20620
2025-08-28,Omkar,Internet Bill,Bills,Debit,7360
2025-08-29,Anuvesh,Concert Booking,Entertainment,Debit,11705
2025-08-30,Aman,Movie Tickets,Entertainment,Debit,10629
2025-09-02,Raj,Freelance Payment,Salary,Credit,72895
2025-09-02,Simran,Freelance Payment,Salary,Credit,103410
2025-09-02,Tanya,Gas Bill,Bills,Debit,7801
2025-09-04,Isha,Gas Bill,Bills,Debit,1030
2025-09-04,Divya,Netflix Subscription,Entertainment,Debit,6971
2025-09-05,Tanya,UPI Transfer,Transfer,Debit,23507
2025-09-05,Isha,Stock Purchase,Investment,Debit,266365
2025-09-05,Ankit,Flipkart Order,Shopping,Debit,18312
2025-09-07,Isha,Flipkart Order,Shopping,Debit,64227
2025-09-07,Divya,Rent Payment,Transfer,Debit,35115
2025-09-10,Ravi,International Flight,Travel,Debit,230674
2025-09-11,Megha,Movie Tickets,Entertainment,Debit,4091
2025-09-11,Manish,Mutual Fund SIP,Investment,Debit,59678
2025-09-14,Sahil,Electricity Bill,Bills,Debit,8117
2025-09-14,Karan,Bus Ticket,Travel,Debit,26124
2025-09-16,Simran,Movie Tickets,Entertainment,Debit,7919
2025-09-17,Arjun,Uber Ride,Travel,Debit,55934
2025-09-19,Varun,Zomato Order,Food,Debit,2929
2025-09-20,Sneha,Clothing Purchase,Shopping,Debit,21848
2025-09-20,Divya,Clothing Purchase,Shopping,Debit,66407
2025-09-23,Arjun,Bank Transfer,Transfer,Debit,3958
2025-09-23,Yash,Movie Tickets,Entertainment,Debit,5102
2025-09-25,Nisha,Amazon Purchase,Shopping,Debit,15770
2025-09-25,Omkar,Pharmacy Bill,Medical,Debit,6457
2025-09-26,Rahul,Bus Ticket,Travel,Debit,54331
2025-09-29,Priya,Freelance Payment,Salary,Credit,30282
2025-09-29,Varun,UPI Received,Transfer,Credit,35508
2025-09-29,Isha,Salary Credited,Salary,Credit,49573
2025-09-29,Aman,Hospital Bill,Medical,Debit,615666
2025-09-30,Rohit,Electronics Purchase,Shopping,Debit,165643
2025-10-03,Nisha,FD Deposit,Investment,Debit,409828
2025-10-04,Divya,Health Checkup,Medical,Debit,7751
2025-10-05,Vikas,Cafe Payment,Food,Debit,2198
2025-10-06,Aditya,Flight Booking,Travel,Debit,53913
2025-10-09,Ravi,Zomato Order,Food,Debit,786
2025-10-10,Priya,FD Deposit,Investment,Debit,621045
2025-10-11,Harsh,Rent Payment,Transfer,Debit,13764
2025-10-12,Ankit,UPI Transfer,Transfer,Debit,11917
2025-10-13,Ankit,Refund Received,Transfer,Credit,58387
2025-10-14,Tanya,Salary Credited,Salary,Credit,62420
2025-10-14,Karan,Zomato Order,Food,Debit,2035
2025-10-18,Rahul,Incentive Credited,Salary,Credit,74387
2025-10-19,Tanya,Health Checkup,Medical,Debit,31451
2025-10-21,Pooja,Electronics Purchase,Shopping,Debit,549107
2025-10-22,Kshitij,Internet Bill,Bills,Debit,439
2025-10-23,Ankit,Pharmacy Bill,Medical,Debit,22445
2025-10-24,Anuvesh,Incentive Credited,Salary,Credit,79790
2025-10-24,Vikas,Health Checkup,Medical,Debit,9223
2025-10-28,Varun,Water Bill,Bills,Debit,9849
2025-10-30,Priya,Movie Tickets,Entertainment,Debit,447
2025-10-30,Omkar,Gas Bill,Bills,Debit,6133
2025-11-04,Nisha,Refund Received,Transfer,Credit,28547
2025-11-05,Kshitij,Concert Booking,Entertainment,Debit,12088
2025-11-06,Anuvesh,Gaming Purchase,Entertainment,Debit,7659
2025-11-08,Vikas,Water Bill,Bills,Debit,1661
2025-11-08,Sneha,Electricity Bill,Bills,Debit,6670
2025-11-09,Aditya,Mall Shopping,Shopping,Debit,4640
2025-11-09,Vikas,Clothing Purchase,Shopping,Debit,20246
2025-11-11,Arjun,Gas Bill,Bills,Debit,3593
2025-11-11,Varun,Bank Transfer,Transfer,Debit,25525
2025-11-12,Yash,Swiggy Order,Food,Debit,1414
2025-11-13,Vikas,Swiggy Order,Food,Debit,1812
2025-11-14,Karan,Mall Shopping,Shopping,Debit,67869
2025-11-14,Sonal,Hospital Bill,Medical,Debit,384516
2025-11-15,Divya,Pharmacy Bill,Medical,Debit,23709
2025-11-16,Divya,Swiggy Order,Food,Debit,1190
2025-11-18,Aman,Health Checkup,Medical,Debit,21631
2025-11-20,Sonal,Swiggy Order,Food,Debit,346
2025-11-20,Priya,Water Bill,Bills,Debit,1900
2025-11-21,Anuvesh,Bank Transfer,Transfer,Debit,31675
2025-11-22,Priya,Insurance Premium,Investment,Debit,8288
2025-11-22,Arjun,Refund Received,Transfer,Credit,21891
2025-11-23,Karan,UPI Transfer,Transfer,Debit,13866
2025-11-26,Megha,Netflix Subscription,Entertainment,Debit,11447
2025-11-26,Deepak,Internet Bill,Bills,Debit,138
2025-11-27,Nisha,Incentive Credited,Salary,Credit,83729
2025-11-27,Pooja,Mall Shopping,Shopping,Debit,3140
2025-11-28,Isha,Freelance Payment,Salary,Credit,56019
2025-11-28,Deepak,International Flight,Travel,Debit,291427
2025-11-28,Nisha,Cafe Payment,Food,Debit,1154
2025-11-29,Isha,Bus Ticket,Travel,Debit,27266
2025-12-01,Neha,FD Deposit,Investment,Debit,83630
2025-12-01,Aditya,Mobile Recharge,Bills,Debit,2263
2025-12-01,Simran,UPI Received,Transfer,Credit,86929
2025-12-02,Deepak,Refund Received,Transfer,Credit,44475
2025-12-03,Ankit,Bus Ticket,Travel,Debit,27140
2025-12-03,Deepak,Doctor Consultation,Medical,Debit,25207
2025-12-07,Deepak,Health Checkup,Medical,Debit,8855
2025-12-07,Isha,Electronics Purchase,Shopping,Debit,657992
2025-12-10,Sneha,Bonus Credited,Salary,Credit,63270
2025-12-11,Neha,Freelance Payment,Salary,Credit,31096
2025-12-12,Neha,Mutual Fund SIP,Investment,Debit,76756
2025-12-12,Ravi,Bus Ticket,Travel,Debit,73695
2025-12-12,Isha,Incentive Credited,Salary,Credit,50471
2025-12-15,Vikas,Pharmacy Bill,Medical,Debit,7827
2025-12-16,Deepak,Incentive Credited,Salary,Credit,70211
2025-12-16,Yash,Insurance Premium,Investment,Debit,73863
2025-12-16,Raj,FD Deposit,Investment,Debit,295590
2025-12-18,Sahil,Gaming Purchase,Entertainment,Debit,14473
2025-12-21,Ankit,Freelance Payment,Salary,Credit,93731
2025-12-21,Pooja,Movie Tickets,Entertainment,Debit,3337
2025-12-22,Sonal,Hospital Bill,Medical,Debit,280347
2025-12-24,Sonal,Train Ticket,Travel,Debit,8599
2025-12-24,Ankit,Gaming Purchase,Entertainment,Debit,5209
2025-12-24,Divya,Rent Payment,Transfer,Debit,2398
2025-12-28,Manish,Internet Bill,Bills,Debit,8877
2025-12-29,Varun,Incentive Credited,Salary,Credit,35453
2025-12-29,Kshitij,Restaurant Dinner,Food,Debit,2911
2025-12-29,Ravi,Concert Booking,Entertainment,Debit,2551
2026-01-01,Ankit,Amazon Purchase,Shopping,Debit,1422
2026-01-02,Varun,Train Ticket,Travel,Debit,72130
2026-01-02,Megha,Incentive Credited,Salary,Credit,108510
2026-01-03,Rahul,Restaurant Dinner,Food,Debit,959
2026-01-04,Rahul,Concert Booking,Entertainment,Debit,10050
2026-01-04,Raj,Bonus Credited,Salary,Credit,107562
2026-01-04,Neha,Internet Bill,Bills,Debit,7851
2026-01-05,Priya,Gaming Purchase,Entertainment,Debit,4912
2026-01-06,Ravi,Doctor Consultation,Medical,Debit,44130
2026-01-08,Kshitij,Cafe Payment,Food,Debit,1604
2026-01-10,Raj,Electronics Purchase,Shopping,Debit,179708
2026-01-11,Anuvesh,FD Deposit,Investment,Debit,521763
2026-01-13,Rahul,Movie Tickets,Entertainment,Debit,5646
2026-01-13,Neha,Rent Payment,Transfer,Debit,12069
2026-01-15,Vikas,Bus Ticket,Travel,Debit,24557
2026-01-16,Vikas,Electronics Purchase,Shopping,Debit,235944
2026-01-18,Neha,Internet Bill,Bills,Debit,5053
2026-01-21,Isha,Swiggy Order,Food,Debit,2417
2026-01-23,Sahil,Hospital Bill,Medical,Debit,350575
2026-01-23,Vikas,Uber Ride,Travel,Debit,49439
2026-01-23,Sahil,Electronics Purchase,Shopping,Debit,314778
2026-01-24,Sneha,FD Deposit,Investment,Debit,233170
2026-01-24,Harsh,International Flight,Travel,Debit,331279
2026-01-25,Pooja,Freelance Payment,Salary,Credit,96223
2026-01-26,Simran,Swiggy Order,Food,Debit,499
2026-01-31,Aditya,UPI Transfer,Transfer,Debit,7569
2026-01-31,Simran,Salary Credited,Salary,Credit,72650
2026-02-04,Isha,Insurance Premium,Investment,Debit,66970
2026-02-05,Yash,Uber Ride,Travel,Debit,53919
2026-02-05,Nisha,Bus Ticket,Travel,Debit,39756
2026-02-08,Sahil,Flight Booking,Travel,Debit,37184
2026-02-08,Varun,Restaurant Dinner,Food,Debit,2069
2026-02-09,Aman,Swiggy Order,Food,Debit,82
2026-02-09,Raj,Health Checkup,Medical,Debit,33633
2026-02-09,Harsh,Internet Bill,Bills,Debit,8047
2026-02-13,Aditya,Flight Booking,Travel,Debit,62777
2026-02-14,Varun,Mutual Fund SIP,Investment,Debit,22227